keyword,language,topic,topicColor,keywordColor,limitPages,ratioNew
'Putin',de,Krieg,#18e818,#18e818,3,0.3756975595132746
'Russland',de,Krieg,#18e818,#18e818,3,0.3091121397862768
'Straße von Hormus',de,Energie,#ff0000,#ff0000,3,0.267588037581948
'Flucht',de,Krieg,#18e818,#18e818,3,0.2487704397441614
'Inflation',de,Krise,#ffcc00,#ffcc00,3,0.2154948115231313
'Kohle',de,Energie,#ff0000,#ff0000,3,0.2102284770127749
'Ukraine',de,Krieg,#18e818,#18e818,3,0.2093335587762123
'Gasspeicher',de,Energie,#ff0000,#ff0000,3,0.2071026833044911
'Rohöl',de,Energie,#ff0000,#ff0000,3,0.1944083862336538
'Waffen',de,Krieg,#18e818,#18e818,3,0.1925718401365233
'Kälte',de,Winter,#0099ff,#0099ff,3,0.1907374615045621
'Armut',de,Krise,#ffcc00,#ffcc00,3,0.1890592239399058
'Explosion',de,Krieg,#18e818,#18e818,3,0.1888757325320734
'Kosten',de,Energie,#ff0000,#ff0000,3,0.1606345352729669
'Schnee',de,Winter,#0099ff,#0099ff,3,0.1523794000495288
'Erneuerbare Energien',de,Energie,#ff0000,#ff0000,3,0.1460557086925785
'Knappheit',de,Krise,#ffcc00,#ffcc00,3,0.1317386363539866
'Heizen',de,Winter,#0099ff,#0099ff,3,0.125900715984052
'Atomenergie',de,Energie,#ff0000,#ff0000,3,0.1160848216904227
'Sparen',de,Krise,#ffcc00,#ffcc00,3,0.0980551790638752
'Teuer',de,Krise,#ffcc00,#ffcc00,3,0.0932778004631239
'Druschba',de,Energie,#ff0000,#ff0000,1,0.0776230658531915
'Nordstream',de,Energie,#ff0000,#ff0000,1,0.0697725633734419
'Frieren',de,Winter,#0099ff,#0099ff,2,0.06880861355191413
