index,url,valid,domain,title,description,image,published,archive,content,quote,language,keyword
https://www.telepolis.de/article/Europas-Gasspeicher-Niedrigster-Fuellstand-seit-15-Jahren-droht-11349825.html,https://www.telepolis.de/article/Europas-Gasspeicher-Niedrigster-Fuellstand-seit-15-Jahren-droht-11349825.html,0,www.telepolis.de,Europas Gasspeicher: Niedrigster Füllstand seit 15 Jahren droht,Die EU könnte mit nur 76 Prozent Speicherfüllung in den Winter starten – so wenig wie seit 2011 nicht. Höhere Heizkosten werden wahrscheinlicher.,https://heise.cloudimg.io/bound/1200x1200/q85.png-lossy-85.webp-lossy-85.foil1/_www-heise-de_/imgs/18/5/1/0/9/3/1/4/shutterstock_2750226223-144f71ea16d7c1cd.jpg,2026-07-01T04:30:00Z,,"Der Füllstand von Europas Gasspeichern könnten zu Beginn der Heizsaison einen historisch niedrigen Wert erreichen.
(Bild: muratart / Shutterstock.com)
Die EU könnte mit nur 76 Prozent Speicherfüllu… [+2930 chars]",,de,'Gasspeicher'
https://salzburg.orf.at/stories/3360741/,https://salzburg.orf.at/stories/3360741/,0,salzburg.orf.at,Umstrittene Steuersätze für Lebensmittel in Kraft,"Die Mehrwertsteuer auf Grundnahrungsmittel wie Milch, Eier oder Mehl wird am Mittwoch gesenkt. Statt zehn Prozent werden 4,9 Prozent fällig. Die Bundesregierung will damit die Inflation bremsen. Im Vorfeld gab und gibt es heftige Kritik – nicht nur wegen der …",https://ibs.orf.at/sbg?image=https%3A%2F%2Foekastatic.orf.at%2Fmims%2F2026%2F27%2F95%2Fcrops%2Fw%3D1200%2Ch%3D627%2Cq%3D75%2F3095386_master_1198695_1195685__d6a9106.jpg%3Fs%3D78585112e77d0704cbb013f1791a3c9a7ebf555b,2026-07-01T05:08:32Z,,Die Umstellung erfolgt parallel zu neuen Belastungen der Bevölkerung. Die ÖVP-SPÖ-NEOS-Koalition führt Mittwoch eine neue Importsteuer von drei Euro auf kleine Onlinepakete ein. Zudem wird die von de… [+1771 chars],,de,'Inflation'
https://www.zeit.de/news/2026-07/01/russland-beschiesst-tankstellen-in-der-ukraine,https://www.zeit.de/news/2026-07/01/russland-beschiesst-tankstellen-in-der-ukraine,0,www.zeit.de,Ukraine-Krieg: Russland beschießt Tankstellen in der Ukraine,Hier finden Sie Informationen zu dem Thema „Ukraine-Krieg“. Lesen Sie jetzt „Russland beschießt Tankstellen in der Ukraine“.,https://img.zeit.de/news/2026-07/01/russland-beschiesst-tankstellen-in-der-ukraine-image-group/wide__1300x731,2026-07-01T06:03:38Z,,"Russische Luftangriffe haben im ukrainischen Gebiet Dnipropetrowsk über Nacht fünf Tankstellen getroffen. Mehrere Brände seien ausgebrochen, teilte der Gouverneur des Gebiets, Olexander Hanscha, auf … [+1381 chars]",,de,'Russland'
https://www.focus.de/politik/ausland/ukraine-baut-mobilen-bunker-in-form-eines-samurai-helms-fuer-soldaten_23b523eb-3aad-490b-9db5-686f797b6f9b.html,https://www.focus.de/politik/ausland/ukraine-baut-mobilen-bunker-in-form-eines-samurai-helms-fuer-soldaten_23b523eb-3aad-490b-9db5-686f797b6f9b.html,0,www.focus.de,Ukraine baut mobilen Bunker in Form eines Samurai-Helms für Soldaten,"Auf der Eurosatory 2026 wurde ein mobiler Stahl-Bunker in Form eines Samurai-Helms vorgestellt, der Soldaten an der Front schnell Schutz bieten soll.","https://quadro.burda-forward.de/ctf/b28e5498-1150-45bb-b34a-318f4138d76c.a1112d20-4d56-4004-99c2-7db5e07765a3.jpg?im=RegionOfInterestCrop=(1200,630),regionOfInterest=(582,521)&hash=0fffe5399ad5206d72353ffcadd3c2a62973f9d98f325a4d106ab98a10b28452",2026-07-01T06:24:00Z,,Das ukrainische Rüstungsunternehmen Parabella hat auf der Rüstungsmesse Eurosatory 2026 in Paris einen mobilen Bunker für Soldaten vorgestellt. Das System besteht laut dem polnischen Nachrichtenporta… [+1575 chars],,de,'Ukraine'
https://www.dw.com/de/ukraine-krieg-russland-krim-raffinerien-benzin-%C3%B6l-putin-treibstoff/a-77776237,https://www.dw.com/de/ukraine-krieg-russland-krim-raffinerien-benzin-%C3%B6l-putin-treibstoff/a-77776237,0,www.dw.com,Benzinkrise in Russland: Ukraine setzt Putin unter Druck,"Notstand auf der Krim, Versorgungsengpässe bei der Armee, Treibstoff-Mangel in Russland. Das sind die Folgen der ukrainischen Angriffe auf die russische Energieinfrastruktur. Zwingen sie Putin an den Verhandlungstisch?",https://static.dw.com/image/77766779_6.jpg,2026-07-01T06:25:00Z,,Seit mehreren Monaten greifen die Streitkräfte der Ukraine Anlagen der Energieinfrastruktur in russischen Regionen und auf der annektierten Krim an. Russische Nachschubwege in den besetzten Gebieten … [+7111 chars],,de,'Ukraine'
https://www.focus.de/politik/ausland/25-000-bestellungen-ukrainer-klagen-ueber-roboter-flut-an-der-front-zaehlt-nur-was-funktioniert_94656edd-598e-4b51-b333-97e241753a69.html,https://www.focus.de/politik/ausland/25-000-bestellungen-ukrainer-klagen-ueber-roboter-flut-an-der-front-zaehlt-nur-was-funktioniert_94656edd-598e-4b51-b333-97e241753a69.html,0,www.focus.de,"25.000 Bestellungen: Ukrainer klagen über Roboter-Flut – an der Front zählt nur, was funktioniert","Die Ukraine hat tausende Bodenroboter bestellt. An der Front fehlen aber oft Reparaturen, Schulung und einheitliche Teile.","https://quadro.burda-forward.de/ctf/ef278c13-cc71-4e6e-8e69-0dd10c026add.0f5dc885-b29a-4cf8-9130-2a6e61b552e6.jpg?im=RegionOfInterestCrop=(1200,630),regionOfInterest=(1540,1318)&hash=f9f8aef1e94aba9305d0f747c86de40e7842c1718863f889ab36c1864929572e",2026-07-01T06:29:00Z,,"Die Ukraine hat ihre Flotte unbemannter Bodenfahrzeuge (UGVs) massiv ausgebaut, doch an der Front wächst die Kritik an der Vielfalt der Systeme. Soldaten fordern weniger neue Modelle und stattdessen … [+3003 chars]",,de,'Ukraine'
https://www.telepolis.de/article/Ukraine-Das-Drohnen-Netzwerk-das-Russland-herausfordert-11349857.html,https://www.telepolis.de/article/Ukraine-Das-Drohnen-Netzwerk-das-Russland-herausfordert-11349857.html,0,www.telepolis.de,"Ukraine: Das Drohnen-Netzwerk, das Russland herausfordert",Aus einer Casting-Agentur wurde ein Rüstungskonzern. Gemeinsam mit Europa baut Kiew eine neue Drohnenindustrie auf – mit militärischen und politischen Folgen.,https://heise.cloudimg.io/bound/1200x1200/q85.png-lossy-85.webp-lossy-85.foil1/_www-heise-de_/imgs/18/5/1/0/9/3/3/0/Master_Lange-2876da940af8af70.jpg,2026-07-01T07:00:00Z,,"KI-generierte Grafik
Aus einer Casting-Agentur wurde ein Rüstungskonzern. Gemeinsam mit Europa baut Kiew eine neue Drohnenindustrie auf mit militärischen und politischen Folgen.
Die Reichweite und … [+9255 chars]",,de,'Ukraine'
https://www.tagesschau.de/wirtschaft/konjunktur/inflation-tankrabatt-lebensmittel-preise-ezb-100.html,https://www.tagesschau.de/wirtschaft/konjunktur/inflation-tankrabatt-lebensmittel-preise-ezb-100.html,0,www.tagesschau.de,Inflation: Warum das Preisniveau bald wieder deutlich steigen könnte,"Die Inflation ist deutlich gesunken. Doch Ökonomen warnen: Die Energiepreis-Krise könnte nachwirken - und erst mit Verzögerung bei Konsumgütern, Lebensmitteln und Dienstleistungen ankommen. Von Angela Göpfert.",https://images.tagesschau.de/image/6a77a4e0-618b-44a0-b06b-bd63e6caf744/AAABnxeqkdM/AAABnSSvrFg/16x9-big/konsum-270.jpg?width=1280,2026-07-01T07:01:53Z,,"Stand: 01.07.2026 09:01 Uhr
Die Inflation ist deutlich gesunken. Doch Ökonomen warnen: Die Energiepreis-Krise könnte nachwirken - und erst mit Verzögerung bei Konsumgütern, Lebensmitteln und Dienstl… [+5952 chars]",,de,'Inflation'
https://www.focus.de/politik/ausland/die-polnische-ruestungsgruppe-erwaegt-die-modernisierung-der-ukrainischen-f-16-und-mig-29_d8937a11-f285-4dfb-97c5-5b356b4c29eb.html,https://www.focus.de/politik/ausland/die-polnische-ruestungsgruppe-erwaegt-die-modernisierung-der-ukrainischen-f-16-und-mig-29_d8937a11-f285-4dfb-97c5-5b356b4c29eb.html,0,www.focus.de,Polen liefert keine MiG-29 Kampfjets an die Ukraine: Die Modernisierung der ukrainischen F-16 und MiG-29 ist aber möglich,"Polen weigert sich weiterhin, MiG-29-Kampfjets an die Ukraine zu liefern. Doch die Kooperation ist noch nicht beendet: Polens staatlicher Rüstungskonzern PGZ erwägt die Modernisierung der ukrainischen Kampfflugzeuge F-16 und MiG-29.","https://quadro.burda-forward.de/ctf/0aee73c0-f460-4d86-84ea-3e970dc6139c.b1c7a0f8-7f2e-4a53-a589-e48f2e850ee6.jpg?im=RegionOfInterestCrop=(1200,630),regionOfInterest=(1713,919)&hash=a542276f3d121fc13932aa2a279fcc41a87b12f7d0d5265af78fc0b054354114",2026-07-01T07:02:00Z,,"Der Präsident des polnischen staatlichen Rüstungsunternehmens PGZ, hat angekündigt, die ukrainischen Jagdflugzeuge F-16 und die MiG-29-Kampfjets zu modernisieren. Das berichtet das polnische Nachrich… [+1993 chars]",,de,'Ukraine'
https://www.diepresse.com/34097186/inflation-lag-im-juni-bei-3-2-prozent,https://www.diepresse.com/34097186/inflation-lag-im-juni-bei-3-2-prozent,0,www.diepresse.com,"Inflation lag im Juni bei 3,2 Prozent","Im Mai war die Inflation noch bei 3,7 Prozent gelegen. Hauptverantwortlich für den Rückgang der Teuerung war die Preisentwicklung bei Energie.",https://img.diepresse.com/public/incoming/70vps9-austrian-airlines/alternates/WEBP_WIDE_1200/Austrian%20Airlines,2026-07-01T07:12:41Z,,"Die Presse auf Google als bevorzugte Nachrichtenquelle hinzufügen.
 Die Inflation in Österreich hat sich im Juni merklich abgeschwächt. Laut einer ersten Schnellschätzung der Statistik Austria sank … [+1226 chars]",,de,'Teuer'
https://orf.at/stories/3434916/,https://orf.at/stories/3434916/,0,orf.at,"Schnellschätzung: Inflation sank im Juni auf 3,2 Prozent",,https://orf.at/mojo/1_4_1/storyserver//news/common/images/og-fallback-news.png,2026-07-01T07:14:43Z,,"Die Inflation in Österreich hat sich im Juni merklich abgeschwächt. Laut einer ersten Schnellschätzung der Statistik Austria sank die Teuerungsrate auf 3,2 Prozent, nachdem sie im Mai noch bei 3,7 Pr… [+1224 chars]",,de,'Inflation'
https://www.welt.de/videos/video6a44b11dc04ea97a4e503815/fuer-rund-2-5-milliarden-dollar-ukraine-kauft-16-schwedische-gripen-kampfflugzeuge.html,https://www.welt.de/videos/video6a44b11dc04ea97a4e503815/fuer-rund-2-5-milliarden-dollar-ukraine-kauft-16-schwedische-gripen-kampfflugzeuge.html,0,www.welt.de,Ukraine kauft 16 schwedische Gripen-Kampfflugzeuge,"Die Ukraine kauft vom schwedischen ‌Rüstungskonzern Saab 16 Kampfflugzeuge vom Typ Gripen für rund 2,5 Milliarden Euro. Während Ukraine-Präsident Selenskyj den Beginn für 2027 ankündigt, plant Saab die Auslieferung für die Jahre 2029 bis 2030.",https://images.welt.de/6a44b11dc04ea97a4e503815/fd9ed7c49a82fe4aa5356e091b35a9cc/ci16x9-w1200/gripen-png,2026-07-01T07:26:57Z,,"Die Ukraine kauft vom schwedischen Rüstungskonzern Saab 16 Kampfflugzeuge vom Typ Gripen für rund 2,5 Milliarden Euro. Während Ukraine-Präsident Selenskyj den Beginn für 2027 ankündigt, plant Saab di… [+102 chars]",,de,'Ukraine'
https://www.focus.de/politik/ausland/ukraine-deckt-russischen-spion-auf-sbu-maulwurf-erhaelt-lebenslange-haft_70afdb98-6115-44b3-9537-59d2ab35299b.html,https://www.focus.de/politik/ausland/ukraine-deckt-russischen-spion-auf-sbu-maulwurf-erhaelt-lebenslange-haft_70afdb98-6115-44b3-9537-59d2ab35299b.html,0,www.focus.de,Ukraine deckt russischen Spion auf: SBU-Maulwurf erhält lebenslange Haft,Ein früherer Spitzenbeamter des ukrainischen Geheimdienstes SBU ist wegen Hochverrats zu lebenslanger Haft verurteilt worden. Nach Angaben ukrainischer Behörden arbeitete er jahrelang für Russlands FSB.,"https://quadro.burda-forward.de/ctf/b2c4579d-ce0e-4e4d-85c5-275cd87383ea.80811fb1-ddcf-4591-ab72-33328f6bdb8b.jpeg?im=RegionOfInterestCrop=(1200,630),regionOfInterest=(470,264.5)&hash=be9e92fb1641b53832ca69f24e74d081344e54a852e3cc39f5593f694a0da705",2026-07-01T07:30:00Z,,Der frühere Oberst des ukrainischen Geheimdienstes (SBU) Dmytro Koziura wurde zu lebenslanger Haft verurteilt. Er hatte einst eine hohe Position im Sicherheitsapparat und arbeitete zuletzt im Anti-Te… [+1915 chars],,de,'Ukraine'
https://www.welt.de/videos/video6a44b4632fd1ad7312578474/ukraine-krieg-russen-haben-jetzt-drohnen-mit-ki-maschinellem-sehen-zielverfolgung-automatisch.html,https://www.welt.de/videos/video6a44b4632fd1ad7312578474/ukraine-krieg-russen-haben-jetzt-drohnen-mit-ki-maschinellem-sehen-zielverfolgung-automatisch.html,0,www.welt.de,"„Russen haben jetzt Drohnen mit KI, maschinellem Sehen, Zielverfolgung automatisch“",Auch dank europäischer Unterstützung ist die Ukraine vorwiegend in der Drohnentechnik im Vorteil. Jetzt haben die Russen angeblich aufgeholt. WELT-Reporter Christoph Wanner berichtet aus Kiew.,https://images.welt.de/6a44b4632fd1ad7312578474/dff00139c1ced86199da68de7b7c0121/ci16x9-w1200/wanner-png,2026-07-01T07:35:27Z,,Die WELT als ePaper: Die vollständige Ausgabe steht Ihnen bereits am Vorabend zur Verfügung so sind Sie immer hochaktuell informiert. Weitere Informationen https://epaper.welt.de,,de,'Ukraine'
https://www.zeit.de/news/2026-07/01/bundesregierung-warnt-vor-reisen-in-ganz-russland,https://www.zeit.de/news/2026-07/01/bundesregierung-warnt-vor-reisen-in-ganz-russland,0,www.zeit.de,Ukraine-Krieg: Bundesregierung warnt vor Reisen in ganz Russland,Hier finden Sie Informationen zu dem Thema „Ukraine-Krieg“. Lesen Sie jetzt „Bundesregierung warnt vor Reisen in ganz Russland“.,https://img.zeit.de/news/2026-07/01/bundesregierung-warnt-vor-reisen-in-ganz-russland-image-group/wide__1300x731,2026-07-01T07:40:39Z,,"Das Auswärtige Amt hat seine Reisewarnung für Russland angesichts der verstärkten ukrainischen Drohnenangriffe massiv ausgeweitet. Gewarnt wird jetzt vor Reisen im ganzen Land, bisher galt dies nur f… [+2031 chars]",,de,'Ukraine'
https://www.tagesspiegel.de/politik/ukraine-krieg-bundesregierung-warnt-vor-reisen-in-ganz-russland-15780061.html,https://www.tagesspiegel.de/politik/ukraine-krieg-bundesregierung-warnt-vor-reisen-in-ganz-russland-15780061.html,0,www.tagesspiegel.de,Ukraine-Krieg: Bundesregierung warnt vor Reisen in ganz Russland,Die Ukraine hat ihre Drohnenangriffe auf Russland stark ausgeweitet und dabei auch Ziele tief im Hinterland getroffen. Die Folgen sind gravierend. Das Auswärtige Amt verschärft seine Reisewarnung.,https://www.tagesspiegel.de/images/15780060/alternates/BASE_16_9_W1400/1782891697000/ukraine-krieg-brand-im-osten-moskaus.jpeg,2026-07-01T07:41:37Z,,"Das Auswärtige Amt hat seine Reisewarnung für Russland angesichts der verstärkten ukrainischen Drohnenangriffe massiv ausgeweitet. Gewarnt wird jetzt vor Reisen im ganzen Land, bisher galt dies nur f… [+2078 chars]",,de,'Ukraine'
https://www.zeit.de/news/2026-07/01/bundesbankchef-nagel-die-inflation-ist-immer-noch-zu-hoch,https://www.zeit.de/news/2026-07/01/bundesbankchef-nagel-die-inflation-ist-immer-noch-zu-hoch,0,www.zeit.de,Geldpolitik: Bundesbankchef Nagel: «Die Inflation ist immer noch zu hoch»,Hier finden Sie Informationen zu dem Thema „Geldpolitik“. Lesen Sie jetzt „Bundesbankchef Nagel: «Die Inflation ist immer noch zu hoch»“.,https://img.zeit.de/news/2026-07/01/bundesbankchef-nagel-die-inflation-ist-immer-noch-zu-hoch-image-group/wide__1300x731,2026-07-01T07:51:07Z,,"Nach Ansicht von Bundesbankpräsident Joachim Nagel sollte die Europäische Zentralbank (EZB) trotz des starken Ölpreisrückgangs Kurs halten. «Die Inflation ist immer noch zu hoch», sagte Nagel der «Fr… [+1821 chars]",,de,'Inflation'
https://www.tagesspiegel.de/wirtschaft/geldpolitik-bundesbankchef-nagel-die-inflation-ist-immer-noch-zu-hoch-15780142.html,https://www.tagesspiegel.de/wirtschaft/geldpolitik-bundesbankchef-nagel-die-inflation-ist-immer-noch-zu-hoch-15780142.html,0,www.tagesspiegel.de,Geldpolitik: Bundesbankchef Nagel: „Die Inflation ist immer noch zu hoch“,"Mit Entspannung im Iran-Krieg sind die Ölpreise stark gefallen, der Druck auf die Inflation sinkt. Die EZB solle trotzdem Kurs halten, meint Nagel. Mit Ende des Tankrabatts erwartet er mehr Inflation.",https://www.tagesspiegel.de/images/15780141/alternates/BASE_16_9_W1400/1782892322000/bundesbank-prasident-joachim-nagel.jpeg,2026-07-01T07:52:02Z,,"Nach Ansicht von Bundesbankpräsident Joachim Nagel sollte die Europäische Zentralbank (EZB) trotz des starken Ölpreisrückgangs Kurs halten. Die Inflation ist immer noch zu hoch, sagte Nagel der Frank… [+1865 chars]",,de,'Inflation'
https://www.sueddeutsche.de/politik/ukraine-krieg-russland-reisewarnung-bundesregierung-angriffe-drohnen-li.3500126,https://www.sueddeutsche.de/politik/ukraine-krieg-russland-reisewarnung-bundesregierung-angriffe-drohnen-li.3500126,0,www.sueddeutsche.de,Krieg in der Ukraine: Bundesregierung warnt wegen ukrainischer Angriffe vor Reisen in ganz Russland,"Begründet wird der Schritt damit, dass mit „erheblicher Gefährdung“ durch Drohnen beziehungsweise Trümmerteile von Drohnen zu rechnen sei. Bisher galt die Reisewarnung nur für die an die Ukraine angrenzenden Gebiete.",https://www.sueddeutsche.de/2026/07/01/c7511ed0-ca86-4c25-9c1b-fd1f36eacb93.jpg?q=60&fm=webp&width=1200&rect=0%2C209%2C4000%2C2250,2026-07-01T07:58:00Z,,"Das Auswärtige Amt hat seine Reisewarnung für Russland angesichts der verstärkten ukrainischen Drohnenangriffe massiv ausgeweitet. Gewarnt wird jetzt vor Reisen im ganzen Land, bisher galt dies nur f… [+1898 chars]",,de,'Ukraine'
https://www.diepresse.com/34109050/nach-schlaganfall-stundenlang-in-zelle-gesperrt-wiener-beamte-wegen-der,https://www.diepresse.com/34109050/nach-schlaganfall-stundenlang-in-zelle-gesperrt-wiener-beamte-wegen-der,0,www.diepresse.com,Nach Schlaganfall stundenlang in Zelle gesperrt: Wiener Beamte wegen Vorwurfs der Polizeigewalt vor Gericht,"Ein 54-jähriger Ukrainer soll bei der Festnahme verletzt worden sein und danach einen Schlaganfall erlitten haben. Ein Polizeijurist soll ihn vernommen haben, obwohl der Mann „komplett nicht ansprechbar“ gewesen sei.",https://img.diepresse.com/public/incoming/uwj2w8-kein-Titel/alternates/WEBP_WIDE_1200/kein%20Titel,2026-07-01T08:04:50Z,,"Die Presse auf Google als bevorzugte Nachrichtenquelle hinzufügen.
 Am Mittwoch ist am Wiener Landesgericht ein außergewöhnlich drastischer Fall von mutmaßlicher Polizeigewalt verhandelt worden. Ein… [+2677 chars]",,de,'Ukraine'
https://www.focus.de/politik/ausland/moskau-ukraine-trifft-wichtiges-russisches-kommunikationszentrum_deb0b76c-704f-4879-b754-cf8d02752024.html,https://www.focus.de/politik/ausland/moskau-ukraine-trifft-wichtiges-russisches-kommunikationszentrum_deb0b76c-704f-4879-b754-cf8d02752024.html,0,www.focus.de,Moskau: Ukraine trifft wichtiges russisches Kommunikationszentrum,Nach Angaben der Ukraine ist das russische Satellitenkommunikationszentrum in Dubna in der Region Moskau erneut angegriffen worden.,"https://quadro.burda-forward.de/ctf/6a995988-78e5-4f6f-9ebe-e4b2dcde43f7.10726b01-9a78-4211-91b3-1e5d828a6909.jpg?im=RegionOfInterestCrop=(1200,630),regionOfInterest=(944,587)&hash=f3956bd09d163c649f917412f185471f7a68f436a92f1715177ce8a19521d829",2026-07-01T08:22:00Z,,"Es ist bereits der zweite Angriff auf die Anlage innerhalb von etwas mehr als einer Woche. Darüber berichten Reuters unter Berufung auf den ukrainischen Präsidenten Wolodymyr Selenskyj.
Selenskyj er… [+807 chars]",,de,'Ukraine'
https://www.n-tv.de/politik/Schwedens-Geheimdienst-erwartet-Konfrontation-auch-nach-Putins-Abgang-id31034107.html,https://www.n-tv.de/politik/Schwedens-Geheimdienst-erwartet-Konfrontation-auch-nach-Putins-Abgang-id31034107.html,0,www.n-tv.de,"""Krise nicht vorübergehend"": Schwedens Geheimdienst erwartet Konfrontation auch nach Putins Abgang",Durch die vermehrt positiven Nachrichten für die Ukraine in ihrem Verteidigungskampf sinkt in Europa das Gefühl der Bedrohung durch Russland. Der schwedische Geheimdienst glaubt allerdings nicht an ein baldiges Ende der Spannungen - selbst wenn ein anderer Ma…,https://www.n-tv.de/img/31034348/1782902246/Img_16_9/1200/Russian-President-Vladimir-Putin-chairs-a-meeting-at-the-Kremlin-to-discuss-fuel-supplies-to-Russian-regions-as-part-of-ongoing-efforts-to-monitor-the-energy-sector-and-ensure-stable-supplies-across-the-country-in-Moscow-Russia-on-June-28-2026.jpg,2026-07-01T08:37:28Z,,"""Krise nicht vorübergehend""Schwedens Geheimdienst erwartet Konfrontation auch nach Putins Abgang
Glaubt an Erfolge auf dem Schlachtfeld, die es nicht gibt, während Teile der Bevölkerung unzufriedene… [+2798 chars]",,de,'Russland'
https://www.diepresse.com/33816350/selbstmoerderische-befehle-russische-soldaten-erheben-schwere-vorwuerfe,https://www.diepresse.com/33816350/selbstmoerderische-befehle-russische-soldaten-erheben-schwere-vorwuerfe,0,www.diepresse.com,"„Selbstmörderische Befehle“: Russische Soldaten erheben schwere Vorwürfe, doch Putin ignoriert sie [premium]","Nach einem resonanzreichen Appell an Wladimir Putin über Gewaltexzesse im russischen Militär wird Kriegsveteran Alexander Lunin ruhig gestellt. Er ist nicht der Erste, der aufmuckt. Doch der Kreml übersieht den wachsenden Unmut in der Bevölkerung.",https://img.diepresse.com/public/incoming/jgghai-imago-images-0859923903/alternates/WEBP_WIDE_1200/imago%20images%200859923903,2026-07-01T08:46:59Z,,"Alexander Lunin hatte Großes vor. Lunin forderte in einer Videobotschaft Wladimir Putin zu einem persönlichen Gespräch im Fernsehen auf. Vor laufender Kamera wollte er dem Oberbefehlshaber schildern,… [+5357 chars]",,de,'Ukraine'
https://www.welt.de/politik/ausland/article6a44ca12650749238cdc6342/drohnenattacken-ukraine-erhoeht-reichweite-der-angriffe-auf-russland-russische-armee-beschiesst-tankstellen.html,https://www.welt.de/politik/ausland/article6a44ca12650749238cdc6342/drohnenattacken-ukraine-erhoeht-reichweite-der-angriffe-auf-russland-russische-armee-beschiesst-tankstellen.html,0,www.welt.de,Ukraine erhöht Reichweite der Angriffe auf Russland – russische Armee beschießt Tankstellen,Ukrainische Drohnen treffen erneut weit entfernte Ziele in Russland: Eine Raffinerie in Ufa sowie ein Rüstungsstandort in Pensa wurden beschädigt. Moskau verstärkt hingegen seine Angriffe auf Tankstellen in der Ukraine.,https://images.welt.de/6a44ca12650749238cdc6342/39e07c42f8f65b6139fed1649baf0270/ci16x9-w1200/apdpa-b0f6305762204586bc8d9b755693b588-jpg,2026-07-01T08:53:42Z,,Ukrainische Drohnen treffen erneut weit entfernte Ziele in Russland: Eine Raffinerie in Ufa sowie ein Rüstungsstandort in Pensa wurden beschädigt. Moskau verstärkt hingegen seine Angriffe auf Tankste… [+2847 chars],,de,'Russland'
https://www.focus.de/politik/ausland/oberstleutnant-russlands-militaer-hat-bereits-ein-auge-auf-die-zukunft-gerichtet-diese-zeichen-von-der-ukraine-front-deuten-auf-eine-veraenderung-hin_53839838-ee15-45e5-8623-5cc964c73d57.html,https://www.focus.de/politik/ausland/oberstleutnant-russlands-militaer-hat-bereits-ein-auge-auf-die-zukunft-gerichtet-diese-zeichen-von-der-ukraine-front-deuten-auf-eine-veraenderung-hin_53839838-ee15-45e5-8623-5cc964c73d57.html,0,www.focus.de,Oberstleutnant: Russlands Militär hat bereits ein Auge auf die Zukunft gerichtet – Diese Zeichen von der Ukraine-Front deuten auf eine Veränderung hin,Russland rückt im Donbass nur langsam vor. Doch ein Militärforscher warnt: Moskau könnte bereits den Blick auf die Zeit nach dem Ukraine-Krieg richten.,"https://quadro.burda-forward.de/ctf/fd0fa90c-36ff-4690-bbea-76387a29aede.ddd14ab3-1a54-4ca3-aa02-6e3ccecd184e.jpg?im=RegionOfInterestCrop=(1200,630),regionOfInterest=(577,371)&hash=1863ee9f454fd9a7fe6466bca73a405ffc214985a4b926b9769b52fe18c3a135",2026-07-01T08:54:00Z,,"Der finnische Oberstleutnant und Militärwissenschaftler Juha Kukkola sagt im Gespräch mit der finnischen Online-Zeitung Uusi Suomi, Russlands Militärführung habe bereits die Zeit nach dem aktuellen F… [+1133 chars]",,de,'Russland'
https://www.focus.de/politik/ausland/ukraine-uebernimmt-bombentaktik-der-russischen-luftwaffe_da5fa697-91a1-4aa0-beff-a7c432fe6d52.html,https://www.focus.de/politik/ausland/ukraine-uebernimmt-bombentaktik-der-russischen-luftwaffe_da5fa697-91a1-4aa0-beff-a7c432fe6d52.html,0,www.focus.de,Ukraine übernimmt Bombentaktik der russischen Luftwaffe,Ukraine und Russland passen ihre Luftangriffe an und setzen zunehmend auf koordinierte Jet-Paare und Gleitbomben mit größerer Reichweite.,"https://quadro.burda-forward.de/ctf/b4b0f171-80ab-4fca-b97b-095e241d0d3a.125c6d4b-ce2f-4a1f-9f66-379f8a9162dd.jpg?im=RegionOfInterestCrop=(1200,630),regionOfInterest=(2428,1615)&hash=af9d138c889ef90629b5a78767b26c33d1851ea736958ef44d6131abcfe27f74",2026-07-01T09:04:00Z,,"Ukrainische und russische Luftstreitkräfte greifen zunehmend auf ähnliche Einsatzmuster zurück, bei denen ein Flugzeug den Angriff übernimmt und ein zweites als Schutz mitfliegt und auf mögliche gegn… [+2198 chars]",,de,'Ukraine'
https://www.bild.de/politik/ausland-und-internationales/iran-meldet-auslaendischer-tanker-in-strasse-von-hormus-auf-grund-gelaufen-6a44cf0df027d32373963340,https://www.bild.de/politik/ausland-und-internationales/iran-meldet-auslaendischer-tanker-in-strasse-von-hormus-auf-grund-gelaufen-6a44cf0df027d32373963340,0,www.bild.de,Iranische Staatmedien melden - Tanker in Straße von Hormus auf Grund gelaufen,"Containerschiff strandet in Hormus-Meerenge, Vorfall trifft brisante Verhandlungsphase zwischen den USA und dem Iran.","https://images.bild.de/6a44cf0df027d32373963340/2d31b5b22632ebc6a77198037404abd1,ca59a366?w=1280",2026-07-01T09:22:20Z,,TTS-Player überspringenArtikel weiterlesenTeheran (Iran) Ein ausländisches Containerschiff ist nach Angaben iranischer Staatsmedien in der Straße von Hormus auf Grund gelaufen. Der Grund: Der Frachte… [+1242 chars],,de,'Straße von Hormus'
https://www.bild.de/politik/ausland-und-internationales/wegen-iran-riesen-zoff-zwischen-donald-trump-und-saudi-prinz-bin-salman-6a44ca85650749238cdc6350,https://www.bild.de/politik/ausland-und-internationales/wegen-iran-riesen-zoff-zwischen-donald-trump-und-saudi-prinz-bin-salman-6a44ca85650749238cdc6350,0,www.bild.de,Wegen Straße von Hormus - Riesen-Zoff zwischen Saudi-Prinz und Trump!,Ein Streit um Trumps Iran-Politik treibt einen Keil zwischen USA und Saudi-Arabien.,"https://images.bild.de/6a44ca85650749238cdc6350/c1da59d1b4f1e190dbbfcc8587c8da42,c608bfb9?w=1280",2026-07-01T09:42:23Z,,TTS-Player überspringenArtikel weiterlesenÉvian Schwere Krise zwischen Donald Trump und seinem wichtigsten Partner in der arabischen Welt! Saudi-Arabiens Kronprinz Mohammed bin Salman sagte seine Tei… [+2043 chars],,de,'Straße von Hormus'
https://www.morgenpost.de/politik/article412152244/iran-news-aktuell-usa-verhandlungen-frieden-abkommen-doha-katar.html,https://www.morgenpost.de/politik/article412152244/iran-news-aktuell-usa-verhandlungen-frieden-abkommen-doha-katar.html,0,www.morgenpost.de,Frachter verlässt Route und läuft in Straße von Hormus auf Grund,Ein Containerschiff ist nach iranischen Angaben vor der Insel Larak in der Straße von Hormus auf Grund gelaufen. Aktuelle News im Iran-Blog.,https://img.sparknews.funkemedien.de/412408276/412408276_1782557295_v16_9_1600.jpeg,2026-07-01T12:15:53Z,,Am heutigen Mittwoch sollen weitere Verhandlungen zwischen den USA und dem Iran stattfinden. Die US-Gesandten Steve Witkoff und Jared Kushner sollen allerdings nicht an den getrennten Beratungen teil… [+263 chars],,de,'Straße von Hormus'
https://www.n-tv.de/politik/Strasse-von-Hormus-Pistorius-erwaegt-Abzug-deutscher-Schiffe-id31035594.html,https://www.n-tv.de/politik/Strasse-von-Hormus-Pistorius-erwaegt-Abzug-deutscher-Schiffe-id31035594.html,0,www.n-tv.de,"Einsatz ""nicht in Sicht"": Straße von Hormus: Pistorius erwägt Abzug deutscher Schiffe","Im Zweifel sollen deutsche Soldaten ihren Sommer ""bei 40 Grad in Berlin statt bei knapp 50 in Dschibuti verbringen"", sagt Verteidigungsminister Pistorius. Bei der Hängepartie um einen möglichen Einsatz in der Straße von Hormus ist er derzeit skeptisch. Der Ir…",https://www.n-tv.de/img/31035649/1782914165/Img_16_9/1200/Das-Minenjagdboot-Fulda-laeuft-vom-Marinestuetzpunkt-Kiel-in-Richtung-Mittelmeer-aus-Die-Verlegung-erfolgt-im-Rahmen-einer-Vorausstationierung-fuer-einen-moeglichen-Einsatz-in-der-Strasse-von-Hormus.jpg,2026-07-01T12:19:03Z,,"Einsatz ""nicht in Sicht""Straße von Hormus: Pistorius erwägt Abzug deutscher Schiffe
Das Minenjagdboot ""Fulda"" läuft vom Marinestützpunkt Kiel in Richtung Mittelmeer aus. (Foto: picture alliance/dpa)… [+3476 chars]",,de,'Straße von Hormus'
https://www.zeit.de/news/2026-07/01/polizei-durchsucht-mehrere-objekte-wegen-waffenverdachts,https://www.zeit.de/news/2026-07/01/polizei-durchsucht-mehrere-objekte-wegen-waffenverdachts,0,www.zeit.de,Kriminalität: Polizei findet Waffen bei Durchsuchungen in der Oberlausitz,Hier finden Sie Informationen zu dem Thema „Kriminalität“. Lesen Sie jetzt „Polizei findet Waffen bei Durchsuchungen in der Oberlausitz“.,https://img.zeit.de/news/2026-07/01/polizei-durchsucht-mehrere-objekte-wegen-waffenverdachts-image-group/wide__1300x731,2026-07-01T13:19:08Z,,"Im Neukircher Ortsteil Weißbach (Landkreis Bautzen) hat die Polizei bei Durchsuchungen mehrere Waffen, Cannabispflanzen sowie Bestandteile zur Herstellung von Pyrotechnik sichergestellt. Polizeiangab… [+846 chars]",,de,'Waffen'
https://www.sueddeutsche.de/politik/liveblog-nahost-iran-news-trump-hormus-pistorius-marine-einsatz-li.3508345,https://www.sueddeutsche.de/politik/liveblog-nahost-iran-news-trump-hormus-pistorius-marine-einsatz-li.3508345,0,www.sueddeutsche.de,Krieg in Nahost: Pistorius: Marine-Einsatz in Straße von Hormus „überhaupt nicht in Sicht“,Kurz vor dem Nato-Gipfel in Ankara hat Verteidigungsminister Boris Pistorius (SPD) einem Marine-Einsatz in der Straße von Hormus vorerst eine Absage erteilt.,https://www.sueddeutsche.de/2026/07/01/2bd9ada7-a947-4eb0-870b-4000e1e6644f.jpg?q=60&fm=webp&width=1200&rect=364%2C396%2C3636%2C2045,2026-07-01T13:31:07Z,,"Iran weist eine internationale Beteiligung an der Minenräumung in der Straße von Hormus entschieden zurück. Vizeaußenminister Kasem Gharibabadi erklärte auf der Plattform X, der von Frankreichs Präsi… [+1727 chars]",,de,'Straße von Hormus'
https://www.n-tv.de/politik/Iran-soll-auf-Gebuehren-fuer-Hormus-Durchfahrt-beharren-id31035599.html,https://www.n-tv.de/politik/Iran-soll-auf-Gebuehren-fuer-Hormus-Durchfahrt-beharren-id31035599.html,0,www.n-tv.de,Keine Scheu vor neuen Kämpfen?: Iran soll auf Gebühren für Hormus-Durchfahrt beharren,"Teheran ist Insidern zufolge weiterhin darauf aus, von Reedereien Geld für Fahrten durch die Straße von Hormus zu verlangen. Angeblich soll das Regime an eine ""historische Chance"" glauben und zum Erreichen seiner Ziele keine militärische Eskalation mit den US…",https://www.n-tv.de/img/31035629/1782913900/Img_16_9/1200/Handelsschiffe-sind-in-der-Strasse-von-Hormus-vor-Bandar-Abbaszu-sehen.jpg,2026-07-01T13:42:14Z,,"Es sieht nicht so aus, als würden die Vereinigten Staaten und der Iran bei einem der größten Streitthemen in nächster Zeit eine Einigung erzielen. (Foto: picture alliance/dpa/ISNA/AP)
Teheran ist In… [+3008 chars]",,de,'Straße von Hormus'
https://www.morgenpost.de/politik/article412449581/bundeswehr-in-strasse-von-hormus-pistorius-erwaegt-abbruch-vor-dem-start.html,https://www.morgenpost.de/politik/article412449581/bundeswehr-in-strasse-von-hormus-pistorius-erwaegt-abbruch-vor-dem-start.html,0,www.morgenpost.de,Bundeswehr in Straße von Hormus? Pistorius erwägt Abbruch vor dem Start,Mit Nato-Generalsekretär Rutte hat das Bundeskabinett über den bevorstehenden Nato-Gipfel beraten. Ein Angebot an Donald Trump wackelt.,https://img.sparknews.funkemedien.de/412328310/412328310_1781883570_v16_9_1600.jpeg,2026-07-01T13:51:24Z,,Seit einer Woche warten rund 140 deutsche Marine-Soldaten auf dem Minenjäger Fulda und dem Versorger Mosel im Hafen von Dschibuti auf den Marschbefehl für einen Einsatz zur Sicherung der Straße von H… [+3198 chars],,de,'Straße von Hormus'
https://www.tagesschau.de/ausland/asien/gespraeche-usa-iran-katar-100.html,https://www.tagesschau.de/ausland/asien/gespraeche-usa-iran-katar-100.html,0,www.tagesschau.de,Trump lobt indirekte Gespräche mit Iran in Katar,"In Katar fanden erneut indirekte Gespräche zwischen den USA und Iran über einen dauerhaften Waffenstillstand statt. US-Präsident Trump erklärte, die Denuklearisierung Irans komme gut voran.",https://images.tagesschau.de/image/5c46b272-48e7-4c17-adc1-56435e97315a/AAABnx4M2nA/AAABnSSvrFg/16x9-big/donald-trump-840.jpg?width=1280,2026-07-01T14:19:46Z,,"Stand: 01.07.2026 16:19 Uhr
In Katar fanden erneut indirekte Gespräche zwischen den USA und Iran über einen dauerhaften Waffenstillstand statt. US-Präsident Trump erklärte, die Denuklearisierung Ira… [+2544 chars]",,de,'Straße von Hormus'
https://www.teltarif.de/funklochmesswoche-diagnose-funk-nationales-roaming-netzausbau/news/104461.html,https://www.teltarif.de/funklochmesswoche-diagnose-funk-nationales-roaming-netzausbau/news/104461.html,0,www.teltarif.de,diagnose:funk: Nationales Roaming gegen Funklöcher,"Wie oft stößt man auf ein Funkloch, wo das ""andere"" Netz versorgen könnte? Die Lösung: Zweites Netz mit zweiter Karte und Kosten oder nationales Roaming?",https://www.teltarif.de/img/arch/2026/kw27/funklochmesswoche-diagnose-funk-nationales-roaming-netzausbau-2og.jpg,2026-07-01T16:24:00Z,,"Regelmäßig meldet sich die Orga­nisa­tion diagnose:funk zu Wort, die sich seit 2009 als ""unabhängige Umwelt- und Verbraucher-Orga­nisa­tion"" versteht. Sie steht dem Mobilfunk im Lande sehr kritisch g… [+7101 chars]",,de,'Kosten'
https://www.tagesspiegel.de/politik/iran-konflikt-hormus-hangepartie-zweifel-an-einsatz-deutscher-schiffe-15783645.html,https://www.tagesspiegel.de/politik/iran-konflikt-hormus-hangepartie-zweifel-an-einsatz-deutscher-schiffe-15783645.html,0,www.tagesspiegel.de,Iran-Konflikt: Hormus-Hängepartie: Zweifel an Einsatz deutscher Schiffe,Eine Militärmission zur Sicherung der Straße von Hormus ist nicht in Sicht. Pistorius verliert die Geduld. Er will die deutschen Soldaten jedenfalls nicht in der Hitze von Dschibuti schmoren lassen.,https://www.tagesspiegel.de/images/15783644/alternates/BASE_16_9_W1400/1782923353000/kabinett-tagt-im-bundesverteidigungsministerium.jpeg,2026-07-01T16:29:13Z,,"Verteidigungsminister Boris Pistorius (SPD) will die beiden Schiffe der Bundeswehr, die für einen möglichen Militäreinsatz in der Straße von Hormus ins afrikanische Dschibuti verlegt wurden, mögliche… [+2974 chars]",,de,'Straße von Hormus'
https://www.tagesschau.de/ausland/europa/ukraine-angriff-120.html,https://www.tagesschau.de/ausland/europa/ukraine-angriff-120.html,0,www.tagesschau.de,Ukraine meldet massive russische Luftangriffe,Die Ukraine ist in der Nacht wieder Ziel von heftigen russischen Luftangriffen geworden. In Kiew wurden mehrere Wohnhäuser und ein Hotel komplett zerstört. Auch aus anderen Städten wurden Angriffe gemeldet.,https://images.tagesschau.de/image/54ceffc1-b144-4e71-a109-f4a0090fa3f7/AAABnyDL8uA/AAABnSSvrFg/16x9-big/kiew-448.jpg?width=1280,2026-07-02T03:07:45Z,,"Stand: 02.07.2026 05:07 Uhr
Die Ukraine ist in der Nacht wieder Ziel von heftigen russischen Luftangriffen geworden. In Kiew wurden mehrere Wohnhäuser und ein Hotel komplett zerstört. Auch aus ander… [+1431 chars]",,de,'Ukraine'
https://www.zeit.de/news/2026-07/02/geheimraeume-mit-kriegswaffen-prozess-nach-fund-in-remscheid,https://www.zeit.de/news/2026-07/02/geheimraeume-mit-kriegswaffen-prozess-nach-fund-in-remscheid,0,www.zeit.de,Waffenarsenal: Geheimräume mit Kriegswaffen: Prozess nach Fund in Remscheid,Hier finden Sie Informationen zu dem Thema „Waffenarsenal“. Lesen Sie jetzt „Geheimräume mit Kriegswaffen: Prozess nach Fund in Remscheid“.,https://img.zeit.de/news/2026-07/02/geheimraeume-mit-kriegswaffen-prozess-nach-fund-in-remscheid-image-group/wide__1300x731,2026-07-02T04:00:08Z,,"Geheimtüren, versteckte Räume, verborgene Schließmechanismen: Tagelang stießen 200 Einsatzkräfte in einem Gebäudekomplex in der Remscheider Innenstadt auf immer neue Überraschungen. Nach und nach för… [+4472 chars]",,de,'Waffen'
https://www.sueddeutsche.de/magazin/literatur/angelika-kluessendorf-schriftstellerin-ddr-li.3505664,https://www.sueddeutsche.de/magazin/literatur/angelika-kluessendorf-schriftstellerin-ddr-li.3505664,0,www.sueddeutsche.de,»Ich möchte keine Regenwürmer kochen müssen«,"Die Schriftstellerin Angelika Klüssendorf über den Zusammenhang von Sadismus und Kreativität und über die Angst vor Armut, die sie seit ihrer furchtbaren Kindheit in der DDR begleitet.",https://www.sueddeutsche.de/2026/06/26/033e8cb1-62a7-4e35-9921-c53b50e47e68.jpg?q=60&fm=webp&width=1200&rect=294%2C624%2C769%2C433,2026-07-02T15:00:00Z,,"SZ-Magazin: Frau Klüssendorf, welche Gefühlserbschaft haben Ihre Eltern Ihnen hinterlassen?Angelika Klüssendorf: Meine Mutter bekam mich mit 17. Die ersten Jahre meines Lebens habe ich bei meiner Gro… [+256 chars]",,de,'Armut'
https://taz.de/Schwarz-Rotes-Reformpaket/!6188664/,https://taz.de/Schwarz-Rotes-Reformpaket/!6188664/,0,taz.de,Schwarz-Rotes Reformpaket: Programm für Armut und Stagnation,Die angekündigten Reformen der Bundesregierung werden viele Menschen in Deutschland ärmer machen. Und dabei nicht einmal die Wirtschaft ankurbeln.,https://taz.de/picture/8587753/1200/41292236.jpeg,2026-07-02T17:51:00Z,,Die angekündigten Reformen der Bundesregierung werden viele Menschen in Deutschland ärmer machen. Und dabei nicht einmal die Wirtschaft ankurbeln. mehr...,,de,'Armut'
https://www.nzz.ch/international/russland-schliesst-grenzuebergaenge-zu-finnland-estland-und-lettland-ld.10013825,https://www.nzz.ch/international/russland-schliesst-grenzuebergaenge-zu-finnland-estland-und-lettland-ld.10013825,0,www.nzz.ch,"Russland schliesst sieben Grenzübergänge zu Finnland, Estland und Lettland. Was steckt dahinter?","In nur 48 Stunden war die Grenze dicht. In Russlands Nachbarländern wird darüber gerätselt, was den Kreml zu diesem Eiltempo bewogen hat.","https://img-msp-prod.nzz.ch/2023/06/05/1b7d09d4-98c2-4410-9363-4dcbcdbbbe34.jpeg?width=1200&height=675&fit=bounds&quality=75&auto=webp&crop=8192,4608,x0,y0&wmark=nzz",2026-07-03T03:30:00Z,,"In nur 48 Stunden war die Grenze dicht. In Russlands Nachbarländern wird darüber gerätselt, was den Kreml zu diesem Eiltempo bewogen hat.
Zusammenfassung
In Russland wirbt die Armee um neue Soldate… [+4541 chars]",,de,'Flucht'
https://steiermark.orf.at/stories/3361070/,https://steiermark.orf.at/stories/3361070/,0,steiermark.orf.at,Flucht vor Polizeianhaltung mit E-Scooter,In Graz sind zwei E-Scooter Fahrer gestern einer Polizeistreife davongefahren. Dabei gefährdeten sie Fußgänger und beschädigten ein Polizeiauto. Einer der beiden Jugendlichen konnte angehalten werden. Die Polizei sucht nach Zeugen.,https://ibs.orf.at/stm?image=https%3A%2F%2Foekastatic.orf.at%2Fmojo%2F1_4_1%2Fstoryserver%2Foeka%2Fcommon%2Fimages%2Fog-fallback-stm.png%3Fs%3D34639efb5eb3bfd56044a89259a23cc721f4f603,2026-07-03T05:40:16Z,,"Bei Kontrollen am Murradweg wurde die Polizei Donnerstagabend auf die beiden Jugendlichen aufmerksam. Die beiden fuhren mit überhöhter Geschwindigkeit auf dem Radweg.
Laut Polizei bestand der Verdac… [+928 chars]",,de,'Flucht'
https://www.bild.de/news/ausland/feuerhoelle-im-urlaubsparadies-waldbraende-in-suedfrankreich-tausende-urlauber-auf-der-flucht-6a4753f880a38cbeb7ec1113,https://www.bild.de/news/ausland/feuerhoelle-im-urlaubsparadies-waldbraende-in-suedfrankreich-tausende-urlauber-auf-der-flucht-6a4753f880a38cbeb7ec1113,0,www.bild.de,Feuerhölle im Urlaubsparadies - Waldbrände in Südfrankreich – Tausende Urlauber auf der Flucht,In Südfrankreich kämpfen rund 2000 Feuerwehrleute derzeit gegen gleich mehrere Feuer. Angefacht durch starke Winde von der französischen Mittelmeerküste breiten sich die Flammen immer weiter aus.,"https://images.bild.de/6a4753f880a38cbeb7ec1113/756d1ceef47a53a3f83da644350077b1,2233358b?w=1280",2026-07-03T06:58:01Z,,"Mehr zum Video anzeigen 
In Südfrankreich kämpfen rund 2000 Feuerwehrleute derzeit gegen gleich mehrere Feuer. Angefacht durch starke Winde von der französischen Mittelmeerküste breiten sich die Fla… [+61 chars]",,de,'Flucht'
https://www.derstandard.at/story/3000000329444/der-heisseste-tag-in-der-geschichte-wiens-flucht-ins-einkaufszentrum,https://www.derstandard.at/story/3000000329444/der-heisseste-tag-in-der-geschichte-wiens-flucht-ins-einkaufszentrum,0,www.derstandard.at,Der heißeste Tag in der Geschichte Wiens? Flucht ins Einkaufszentrum,"Als die Sonne in Wien vor kurzem vom Himmel brannte wie noch nie zuvor, brachte sich unser Autor im Einkaufszentrum in Sicherheit. Nicht der schlechteste Tag",https://i.ds.at/BiYP9g/rs:fill:1200:600/plain/lido-images/2026/02/11/724057e5-3414-4ace-be97-b61ad8d25df0.jpg,2026-07-03T08:00:00Z,,"Sie entscheiden darüber, wie Sie unsere Inhalte nutzen wollen. Ihr Gerät erlaubt uns derzeit leider nicht, die entsprechenden Optionen anzuzeigen.
Bitte deaktivieren Sie sämtliche Hard- und Software… [+180 chars]",,de,'Flucht'
https://taz.de/Flucht-vor-Nazideutschland/!6192012/,https://taz.de/Flucht-vor-Nazideutschland/!6192012/,0,taz.de,Flucht vor Nazideutschland: Jüdisch in Shanghai,Ein Museum in Shanghai erzählt die Geschichte chinesischer Willkommenskultur. Ohne Visum fanden Juden und Jüdinnen in Fernasien einen Zufluchtsort.,https://taz.de/picture/8579707/1200/41541917.jpeg,2026-07-03T09:43:00Z,,Ein Museum in Shanghai erzählt die Geschichte chinesischer Willkommenskultur. Ohne Visum fanden Juden und Jüdinnen in Fernasien einen Zufluchtsort. mehr...,,de,'Flucht'
https://www.derstandard.at/story/3000000329978/un-warnt-vor-neuer-menschenrechtskatastrophe-im-sudan,https://www.derstandard.at/story/3000000329978/un-warnt-vor-neuer-menschenrechtskatastrophe-im-sudan,0,www.derstandard.at,UN warnt vor neuer Menschenrechtskatastrophe im Sudan,Die Zivilbevölkerung im Bundesstaat Nord-Kordofan ist einer belagerungsähnlichen Situation ausgesetzt. Der Krieg im Sudan hat fast 14 Millionen Menschen in die Flucht getrieben,https://i.ds.at/9K-IgA/rs:fill:1200:600/plain/lido-images/2026/07/03/4388495e-9404-4303-ac52-654f86ad30d5.jpg,2026-07-03T10:17:24Z,,"Sie entscheiden darüber, wie Sie unsere Inhalte nutzen wollen. Ihr Gerät erlaubt uns derzeit leider nicht, die entsprechenden Optionen anzuzeigen.
Bitte deaktivieren Sie sämtliche Hard- und Software… [+180 chars]",,de,'Flucht'
https://www.zeit.de/news/2026-07/03/explosion-in-monaco-ukrainerin-aus-deutschland-verdaechtigt,https://www.zeit.de/news/2026-07/03/explosion-in-monaco-ukrainerin-aus-deutschland-verdaechtigt,0,www.zeit.de,Mehrere Verletzte: Explosion in Monaco: Ukrainerin aus Deutschland verdächtigt,Hier finden Sie Informationen zu dem Thema „Mehrere Verletzte“. Lesen Sie jetzt „Explosion in Monaco: Ukrainerin aus Deutschland verdächtigt“.,https://img.zeit.de/news/2026-07/03/explosion-in-monaco-ukrainerin-aus-deutschland-verdaechtigt-image-group/wide__1300x731,2026-07-03T10:38:30Z,,"Nach der Explosion in Monaco mit Schwerverletzten suchen die Behörden eine Ukrainerin mit Wohnsitz in Deutschland. Anders als zunächst gedacht, handle es sich bei der verdächtigen Person um eine Frau… [+1628 chars]",,de,'Ukraine'
https://www.n-tv.de/panorama/Moerder-von-Stade-soll-eigene-Tochter-sexuell-missbraucht-haben-id31044126.html,https://www.n-tv.de/panorama/Moerder-von-Stade-soll-eigene-Tochter-sexuell-missbraucht-haben-id31044126.html,0,www.n-tv.de,Flucht aus türkischem Gefängnis: Mörder von Stade soll eigene Tochter sexuell missbraucht haben,"In Stade tötet ein Mann sechs Menschen durch Schüsse. In Deutschland ist er zuvor nicht mit Gewalttaten aufgefallen. Ganz anders jedoch seine Vergangenheit in der Türkei, wie ein Bericht jetzt offenbart.",https://www.n-tv.de/img/31044141/1783079174/Img_16_9/1200/Spezialisten-sind-am-Tatort-einem-Gebaeude-einer-Jugendeinrichtung-mit-der-Spurensicherung-beschaeftigt-In-der-Einrichtung-waren-am-Vortag-mehrere-Menschen-durch-Schuesse-getoetet-worden.jpg,2026-07-03T11:15:03Z,,"Die Ermittlungen zu den Hintergründen werden von einer Mordkommission geführt. (Foto: picture alliance/dpa)
In Stade tötet ein Mann sechs Menschen durch Schüsse. In Deutschland ist er zuvor nicht mi… [+2306 chars]",,de,'Flucht'
https://www.sueddeutsche.de/politik/monaco-explosion-deutschland-ukrainerin-verdaechtigt-li.3510020,https://www.sueddeutsche.de/politik/monaco-explosion-deutschland-ukrainerin-verdaechtigt-li.3510020,0,www.sueddeutsche.de,Ermittlungen: Nach Explosion in Monaco: Ukrainerin aus Deutschland verdächtigt,"Die Verdächtige, die sich als Mann verkleidet hatte, werde mit internationalem Haftbefehl gesucht, teilt die Staatsanwaltschaft mit.",https://www.sueddeutsche.de/2026/07/03/f5d7c470-897a-4ad6-a0a6-4fdcb67bf37f.jpg?q=60&fm=webp&width=1200&rect=0%2C197%2C4000%2C2250,2026-07-03T11:56:53Z,,"Nach ersten Erkenntnissen und Ermittlungen der monegassischen Strafverfolgungsbehörden hatten sich Bezüge nach Hessen ergeben, teilte das Landeskriminalamt (LKA) Hessen mit. Am Donnerstag sei aufgrun… [+1197 chars]",,de,'Ukraine'
https://www.freitag.de/autoren/janina-luett/kuerzungen-im-buergergeld-weiss-markus-soeder-eigentlich-wieviel-ein-doener-kostet,https://www.freitag.de/autoren/janina-luett/kuerzungen-im-buergergeld-weiss-markus-soeder-eigentlich-wieviel-ein-doener-kostet,0,www.freitag.de,"Kürzungen im Bürgergeld: Weiß Markus Söder eigentlich, wieviel ein Döner kostet?",Ein Döner ist für Menschen im Bürgergeld-Bezug inzwischen Luxus. Warum die Debatten über Kürzungen an der Lebensrealität vorbeigehen und warum Deutschland endlich über Armut statt über das Leben von Armutsbetroffenen sprechen muss Jüngst forderte Bayerns Mini…,https://www.freitag.de/autoren/janina-luett/kuerzungen-im-buergergeld-weiss-markus-soeder-eigentlich-wieviel-ein-doener-kostet/@@images/image/great,2026-07-03T16:02:00Z,,"Jüngst forderte Bayerns Ministerpräsident Markus Söder (CSU), das Bürgergeld müsse auf das „absolut verfassungsrechtliche Minimum reduziert werden“. Seine Worte vermitteln den Eindruck, als hätten wi… [+4361 chars]",,de,'Armut'
https://www.n-tv.de/politik/21-36-Ukrainische-Drohnen-treffen-zehn-Umspannwerke-auf-der-Krim-id31046955.html,https://www.n-tv.de/politik/21-36-Ukrainische-Drohnen-treffen-zehn-Umspannwerke-auf-der-Krim-id31046955.html,0,www.n-tv.de,Ukraine-Krieg im Liveticker: +++ 21:36 Ukrainische Drohnen treffen zehn Umspannwerke auf der Krim +++,"Berlin, Washington, Brüssel - überall. ntv berichtet von allen wichtigen Schauplätzen der Innen- und Außenpolitik.",https://www.n-tv.de/img/2339153/1721988811/Img_16_9/1200/Ukraine-Liveticker.jpg,2026-07-03T20:00:00Z,,"In der Nacht greift die ukrainische Armee 48 Ziele, vor allem auf der von Russland besetzten Krim mit Drohnen an. Laut Robert Browdy, dem Chef der ukrainischen Drohnen-Einheit, sind darunter zehn Ene… [+29918 chars]",,de,'Rohöl'
https://www.tagesspiegel.de/wirtschaft/geopolitik-als-chance-basf-trotzt-iran-krise-warum-der-chemieriese-gelassen-ist-15796405.html,https://www.tagesspiegel.de/wirtschaft/geopolitik-als-chance-basf-trotzt-iran-krise-warum-der-chemieriese-gelassen-ist-15796405.html,0,www.tagesspiegel.de,Geopolitik als Chance: BASF trotzt Iran-Krise: Warum der Chemieriese gelassen ist,Trotz Spannungen um die Straße von Hormus sieht sich der Konzern robust aufgestellt – und profitiert sogar von neuen Marktchancen in Europa.,https://www.tagesspiegel.de/images/15796404/alternates/BASE_16_9_W1400/1783131390000/dirk-elvermann.jpeg,2026-07-04T02:16:30Z,,Der Chemiekonzern BASF sieht sich trotz der geopolitischen Spannungen und der Unsicherheit rund um die Straße von Hormus im Iran-Krieg widerstandsfähig aufgestellt. Finanzvorstand Dirk Elvermann verw… [+2506 chars],,de,'Straße von Hormus'
https://www.nzz.ch/wirtschaft/billiges-oel-teures-benzin-das-steckt-hinter-dem-aerger-ueber-hohe-spritpreise-ld.10013952,https://www.nzz.ch/wirtschaft/billiges-oel-teures-benzin-das-steckt-hinter-dem-aerger-ueber-hohe-spritpreise-ld.10013952,0,www.nzz.ch,"Autofahrer ärgern sich: Öl wird billiger, Benzin bleibt teuer. Was ist da los?","Donald Trump wittert Abzocke der Erdölkonzerne. Doch während die Welt schon wieder im Rohöl schwimmt, sieht das bei Benzin und Diesel anders aus – auch in Europa. Das sind die Gründe.","https://img-msp-prod.nzz.ch/2026/07/03/e9352aba-aa39-42f6-b83d-e373084d5c5c.jpg?width=1200&height=674&fit=bounds&quality=75&auto=webp&crop=5000,2812,x0,y521&wmark=nzz",2026-07-04T03:30:00Z,,"Donald Trump wittert Abzocke der Erdölkonzerne. Doch während die Welt schon wieder im Rohöl schwimmt, sieht das bei Benzin und Diesel anders aus auch in Europa. Das sind die Gründe.
Kommentieren
Zu… [+7309 chars]",,de,'Rohöl'
https://www.diepresse.com/34426741/russischer-meinungsforscher-lew-gudkow-die-benzinkrise-hat-die-stimmung,https://www.diepresse.com/34426741/russischer-meinungsforscher-lew-gudkow-die-benzinkrise-hat-die-stimmung,0,www.diepresse.com,Russischer Meinungsforscher Lew Gudkow: „Die Benzinkrise hat die Stimmung in Russland schlagartig verändert“ [premium],"Der langjährige Direktor des unabhängigen Lewada-Zentrums Lew Gudkow erklärt das plötzliche Aufwachen der Russen im Krieg, die wachsende Gereiztheit in der Bevölkerung und wo er Russland in fünf Jahren sieht.",https://img.diepresse.com/public/incoming/xvjabf-lew-gudkow-lev-gudkov-%D0%BB%D0%B5%D0%B2-%D0%B3%D1%83%D0%B4%D0%BA%D0%BE%D0%B2/alternates/WEBP_WIDE_1200/Lew%20Gudkow%20%20Lev%20Gudkov%20%20%D0%9B%D0%B5%D0%B2%20%D0%93%D1%83%D0%B4%D0%BA%D0%BE%D0%B2,2026-07-04T09:03:04Z,,"Lew Gudkow: Ich habe ein Auto, bin aber bisher nicht gefahren. Am Wochenende habe ich eine Fahrt vor mir. Mal sehen, wie lange ich in der Schlange stehen muss.Russland leidet unter Benzinknappheit. D… [+10911 chars]",,de,'Teuer'
https://www.dw.com/de/armut-in-%C3%A4gypten-bargeld-statt-billiger-lebensmittel/a-77820606,https://www.dw.com/de/armut-in-%C3%A4gypten-bargeld-statt-billiger-lebensmittel/a-77820606,0,www.dw.com,Armut in Ägypten: Bargeld statt billiger Lebensmittel?,"Wer in Ägypten arm ist, erhält bislang oft staatlich subventionierte Lebensmittel. Nun plant die Regierung, dieses System schrittweise durch gezieltere Bargeldhilfen zu ersetzen. Funktioniert das geplante Modell?",https://static.dw.com/image/62823568_6.jpg,2026-07-05T13:11:00Z,,"Es spielt kaum eine Rolle, in welchem Viertel Kairos man unterwegs ist. Früher oder später tauchen sie auf: Frauen mit kleinen Päckchen Taschentücher in den Händen. Sie stehen vor Geschäften, an Kreu… [+8221 chars]",,de,'Armut'
